"year","trend"
1,0.067423178634561
2,0.0662192319205777
3,0.0776924600713787
4,0.0399114514175691
5,0.068638409298099
6,0.0773227359210622
7,0.0622329391946834
8,0.0730376439938248
9,0.0690168638226967
10,0.0745918304789075
