"year","trend"
1,0.122192367351018
2,0.113731031727207
3,0.108193351364933
4,0.115064987594099
5,0.0961466912233391
6,0.097979718710098
7,0.128895252087831
8,0.151839340520057
9,0.138196791070885
10,0.134867962690734
