"year","pattern"
1,0.445621336355073
2,0.608401402132545
3,0.774073757407801
4,0.868918268388523
5,0.924325584753712
6,0.982751180736041
7,0.992255690539148
8,1
9,1
10,1
